timeStamp,elapsed,label,responseCode,responseMessage,threadName,dataType,success,failureMessage,bytes,sentBytes,grpThreads,allThreads,URL,Latency,IdleTime,Connect
1713168743036,569,conf #3 req,200,OK,conf #3 users 1-59,text,true,,231,165,201,201,http://stload.se.ifmo.ru:8080/?token=492557779&user=2109717043&config=3,562,0,8
1713168742999,607,conf #3 req,200,OK,conf #3 users 1-24,text,true,,231,165,201,201,http://stload.se.ifmo.ru:8080/?token=492557779&user=2109717043&config=3,600,0,48
1713168743047,558,conf #3 req,200,OK,conf #3 users 1-62,text,true,,231,165,201,201,http://stload.se.ifmo.ru:8080/?token=492557779&user=2109717043&config=3,551,0,1
1713168742999,606,conf #3 req,200,OK,conf #3 users 1-38,text,true,,231,165,201,201,http://stload.se.ifmo.ru:8080/?token=492557779&user=2109717043&config=3,599,0,47
1713168743020,585,conf #3 req,200,OK,conf #3 users 1-55,text,true,,231,165,202,202,http://stload.se.ifmo.ru:8080/?token=492557779&user=2109717043&config=3,579,0,24
1713168743007,598,conf #3 req,200,OK,conf #3 users 1-52,text,true,,231,165,202,202,http://stload.se.ifmo.ru:8080/?token=492557779&user=2109717043&config=3,592,0,39
1713168742999,606,conf #3 req,200,OK,conf #3 users 1-37,text,true,,231,165,202,202,http://stload.se.ifmo.ru:8080/?token=492557779&user=2109717043&config=3,600,0,45
1713168743001,605,conf #3 req,200,OK,conf #3 users 1-19,text,true,,231,165,201,201,http://stload.se.ifmo.ru:8080/?token=492557779&user=2109717043&config=3,600,0,45
1713168743012,593,conf #3 req,200,OK,conf #3 users 1-53,text,true,,231,165,202,202,http://stload.se.ifmo.ru:8080/?token=492557779&user=2109717043&config=3,586,0,32
1713168743000,606,conf #3 req,200,OK,conf #3 users 1-6,text,true,,231,165,202,202,http://stload.se.ifmo.ru:8080/?token=492557779&user=2109717043&config=3,599,0,45
1713168742999,607,conf #3 req,200,OK,conf #3 users 1-20,text,true,,231,165,202,202,http://stload.se.ifmo.ru:8080/?token=492557779&user=2109717043&config=3,600,0,46
1713168742999,607,conf #3 req,200,OK,conf #3 users 1-12,text,true,,231,165,201,201,http://stload.se.ifmo.ru:8080/?token=492557779&user=2109717043&config=3,601,0,47
1713168742999,606,conf #3 req,200,OK,conf #3 users 1-42,text,true,,231,165,201,201,http://stload.se.ifmo.ru:8080/?token=492557779&user=2109717043&config=3,599,0,47
1713168743033,572,conf #3 req,200,OK,conf #3 users 1-58,text,true,,231,165,201,201,http://stload.se.ifmo.ru:8080/?token=492557779&user=2109717043&config=3,565,0,12
1713168742999,606,conf #3 req,200,OK,conf #3 users 1-36,text,true,,231,165,201,201,http://stload.se.ifmo.ru:8080/?token=492557779&user=2109717043&config=3,600,0,45
1713168742999,607,conf #3 req,200,OK,conf #3 users 1-21,text,true,,231,165,202,202,http://stload.se.ifmo.ru:8080/?token=492557779&user=2109717043&config=3,601,0,46
1713168743024,581,conf #3 req,200,OK,conf #3 users 1-56,text,true,,231,165,202,202,http://stload.se.ifmo.ru:8080/?token=492557779&user=2109717043&config=3,574,0,20
1713168743000,606,conf #3 req,200,OK,conf #3 users 1-26,text,true,,231,165,201,201,http://stload.se.ifmo.ru:8080/?token=492557779&user=2109717043&config=3,599,0,45
1713168743000,606,conf #3 req,200,OK,conf #3 users 1-16,text,true,,231,165,201,201,http://stload.se.ifmo.ru:8080/?token=492557779&user=2109717043&config=3,599,0,46
1713168742998,607,conf #3 req,200,OK,conf #3 users 1-49,text,true,,231,165,201,201,http://stload.se.ifmo.ru:8080/?token=492557779&user=2109717043&config=3,600,0,46
1713168743000,606,conf #3 req,200,OK,conf #3 users 1-22,text,true,,231,165,201,201,http://stload.se.ifmo.ru:8080/?token=492557779&user=2109717043&config=3,600,0,45
1713168743000,606,conf #3 req,200,OK,conf #3 users 1-4,text,true,,231,165,201,201,http://stload.se.ifmo.ru:8080/?token=492557779&user=2109717043&config=3,600,0,45
1713168742999,607,conf #3 req,200,OK,conf #3 users 1-27,text,true,,231,165,201,201,http://stload.se.ifmo.ru:8080/?token=492557779&user=2109717043&config=3,600,0,46
1713168743001,605,conf #3 req,200,OK,conf #3 users 1-7,text,true,,231,165,201,201,http://stload.se.ifmo.ru:8080/?token=492557779&user=2109717043&config=3,598,0,45
1713168742999,607,conf #3 req,200,OK,conf #3 users 1-5,text,true,,231,165,201,201,http://stload.se.ifmo.ru:8080/?token=492557779&user=2109717043&config=3,601,0,46
1713168743044,561,conf #3 req,200,OK,conf #3 users 1-61,text,true,,231,165,201,201,http://stload.se.ifmo.ru:8080/?token=492557779&user=2109717043&config=3,554,0,1
1713168743000,605,conf #3 req,200,OK,conf #3 users 1-50,text,true,,231,165,201,201,http://stload.se.ifmo.ru:8080/?token=492557779&user=2109717043&config=3,598,0,44
1713168742999,606,conf #3 req,200,OK,conf #3 users 1-35,text,true,,231,165,201,201,http://stload.se.ifmo.ru:8080/?token=492557779&user=2109717043&config=3,599,0,45
1713168742999,606,conf #3 req,200,OK,conf #3 users 1-43,text,true,,231,165,201,201,http://stload.se.ifmo.ru:8080/?token=492557779&user=2109717043&config=3,599,0,45
1713168742999,607,conf #3 req,200,OK,conf #3 users 1-30,text,true,,231,165,201,201,http://stload.se.ifmo.ru:8080/?token=492557779&user=2109717043&config=3,600,0,47
1713168743000,606,conf #3 req,200,OK,conf #3 users 1-17,text,true,,231,165,201,201,http://stload.se.ifmo.ru:8080/?token=492557779&user=2109717043&config=3,600,0,45
1713168743000,606,conf #3 req,200,OK,conf #3 users 1-25,text,true,,231,165,201,201,http://stload.se.ifmo.ru:8080/?token=492557779&user=2109717043&config=3,599,0,47
1713168743136,24632,conf #3 req,200,OK,conf #3 users 1-84,text,true,,231,165,177,177,http://stload.se.ifmo.ru:8080/?token=492557779&user=2109717043&config=3,24632,0,1
1713168742999,24769,conf #3 req,200,OK,conf #3 users 1-47,text,true,,231,165,177,177,http://stload.se.ifmo.ru:8080/?token=492557779&user=2109717043&config=3,24769,0,45
1713168742999,24769,conf #3 req,200,OK,conf #3 users 1-34,text,true,,231,165,177,177,http://stload.se.ifmo.ru:8080/?token=492557779&user=2109717043&config=3,24769,0,45
1713168742998,24770,conf #3 req,200,OK,conf #3 users 1-39,text,true,,231,165,177,177,http://stload.se.ifmo.ru:8080/?token=492557779&user=2109717043&config=3,24770,0,46
1713168743299,24469,conf #3 req,200,OK,conf #3 users 1-125,text,true,,231,165,177,177,http://stload.se.ifmo.ru:8080/?token=492557779&user=2109717043&config=3,24469,0,1
1713168743247,24521,conf #3 req,200,OK,conf #3 users 1-112,text,true,,231,165,177,177,http://stload.se.ifmo.ru:8080/?token=492557779&user=2109717043&config=3,24521,0,1
1713168743335,24433,conf #3 req,200,OK,conf #3 users 1-134,text,true,,231,165,177,177,http://stload.se.ifmo.ru:8080/?token=492557779&user=2109717043&config=3,24433,0,1
1713168743000,24769,conf #3 req,200,OK,conf #3 users 1-8,text,true,,231,165,177,177,http://stload.se.ifmo.ru:8080/?token=492557779&user=2109717043&config=3,24769,0,45
1713168742999,24770,conf #3 req,200,OK,conf #3 users 1-29,text,true,,231,165,177,177,http://stload.se.ifmo.ru:8080/?token=492557779&user=2109717043&config=3,24770,0,46
1713168742998,24770,conf #3 req,200,OK,conf #3 users 1-46,text,true,,231,165,177,177,http://stload.se.ifmo.ru:8080/?token=492557779&user=2109717043&config=3,24770,0,47
1713168743195,24573,conf #3 req,200,OK,conf #3 users 1-99,text,true,,231,165,177,177,http://stload.se.ifmo.ru:8080/?token=492557779&user=2109717043&config=3,24573,0,0
1713168743016,24753,conf #3 req,200,OK,conf #3 users 1-54,text,true,,231,165,177,177,http://stload.se.ifmo.ru:8080/?token=492557779&user=2109717043&config=3,24752,0,28
1713168742998,24771,conf #3 req,200,OK,conf #3 users 1-45,text,true,,231,165,177,177,http://stload.se.ifmo.ru:8080/?token=492557779&user=2109717043&config=3,24771,0,46
1713168742999,24770,conf #3 req,200,OK,conf #3 users 1-44,text,true,,231,165,177,177,http://stload.se.ifmo.ru:8080/?token=492557779&user=2109717043&config=3,24770,0,45
1713168743000,24770,conf #3 req,200,OK,conf #3 users 1-23,text,true,,231,165,177,177,http://stload.se.ifmo.ru:8080/?token=492557779&user=2109717043&config=3,24770,0,45
1713168743000,24770,conf #3 req,200,OK,conf #3 users 1-2,text,true,,231,165,177,177,http://stload.se.ifmo.ru:8080/?token=492557779&user=2109717043&config=3,24770,0,45
1713168743435,24335,conf #3 req,200,OK,conf #3 users 1-159,text,true,,231,165,177,177,http://stload.se.ifmo.ru:8080/?token=492557779&user=2109717043&config=3,24335,0,1
1713168743147,24623,conf #3 req,200,OK,conf #3 users 1-87,text,true,,231,165,177,177,http://stload.se.ifmo.ru:8080/?token=492557779&user=2109717043&config=3,24623,0,1
1713168743307,24463,conf #3 req,200,OK,conf #3 users 1-127,text,true,,231,165,177,177,http://stload.se.ifmo.ru:8080/?token=492557779&user=2109717043&config=3,24463,0,1
1713168743275,24495,conf #3 req,200,OK,conf #3 users 1-119,text,true,,231,165,177,177,http://stload.se.ifmo.ru:8080/?token=492557779&user=2109717043&config=3,24495,0,0
1713168743346,24424,conf #3 req,200,OK,conf #3 users 1-137,text,true,,231,165,177,177,http://stload.se.ifmo.ru:8080/?token=492557779&user=2109717043&config=3,24424,0,1
1713168742999,24771,conf #3 req,200,OK,conf #3 users 1-40,text,true,,231,165,177,177,http://stload.se.ifmo.ru:8080/?token=492557779&user=2109717043&config=3,24771,0,45
1713168743635,24135,conf #3 req,200,OK,conf #3 users 1-209,text,true,,231,165,177,177,http://stload.se.ifmo.ru:8080/?token=492557779&user=2109717043&config=3,24135,0,0
1713168743187,24583,conf #3 req,200,OK,conf #3 users 1-97,text,true,,231,165,177,177,http://stload.se.ifmo.ru:8080/?token=492557779&user=2109717043&config=3,24583,0,0
1713168742999,24771,conf #3 req,200,OK,conf #3 users 1-41,text,true,,231,165,177,177,http://stload.se.ifmo.ru:8080/?token=492557779&user=2109717043&config=3,24771,0,45
1713168743263,24507,conf #3 req,200,OK,conf #3 users 1-116,text,true,,231,165,177,177,http://stload.se.ifmo.ru:8080/?token=492557779&user=2109717043&config=3,24507,0,0
1713168743000,24772,conf #3 req,200,OK,conf #3 users 1-14,text,true,,231,165,177,177,http://stload.se.ifmo.ru:8080/?token=492557779&user=2109717043&config=3,24772,0,46
1713168743083,24688,conf #3 req,200,OK,conf #3 users 1-71,text,true,,231,165,177,177,http://stload.se.ifmo.ru:8080/?token=492557779&user=2109717043&config=3,24688,0,0
1713168743370,24401,conf #3 req,200,OK,conf #3 users 1-143,text,true,,231,165,177,177,http://stload.se.ifmo.ru:8080/?token=492557779&user=2109717043&config=3,24401,0,1
1713168743506,24265,conf #3 req,200,OK,conf #3 users 1-175,text,true,,231,165,177,177,http://stload.se.ifmo.ru:8080/?token=492557779&user=2109717043&config=3,24265,0,1
1713168743355,24416,conf #3 req,200,OK,conf #3 users 1-139,text,true,,231,165,177,177,http://stload.se.ifmo.ru:8080/?token=492557779&user=2109717043&config=3,24416,0,0
1713168743323,24448,conf #3 req,200,OK,conf #3 users 1-130,text,true,,231,165,177,177,http://stload.se.ifmo.ru:8080/?token=492557779&user=2109717043&config=3,24448,0,1
1713168743358,24413,conf #3 req,200,OK,conf #3 users 1-140,text,true,,231,165,177,177,http://stload.se.ifmo.ru:8080/?token=492557779&user=2109717043&config=3,24413,0,1
1713168743443,24328,conf #3 req,200,OK,conf #3 users 1-161,text,true,,231,165,177,177,http://stload.se.ifmo.ru:8080/?token=492557779&user=2109717043&config=3,24328,0,0
1713168743593,24178,conf #3 req,200,OK,conf #3 users 1-198,text,true,,231,165,177,177,http://stload.se.ifmo.ru:8080/?token=492557779&user=2109717043&config=3,24178,0,0
1713168742999,24773,conf #3 req,200,OK,conf #3 users 1-31,text,true,,231,165,177,177,http://stload.se.ifmo.ru:8080/?token=492557779&user=2109717043&config=3,24773,0,46
1713168743283,24489,conf #3 req,200,OK,conf #3 users 1-121,text,true,,231,165,177,177,http://stload.se.ifmo.ru:8080/?token=492557779&user=2109717043&config=3,24489,0,0
1713168743091,24681,conf #3 req,200,OK,conf #3 users 1-73,text,true,,231,165,177,177,http://stload.se.ifmo.ru:8080/?token=492557779&user=2109717043&config=3,24680,0,0
1713168743343,24429,conf #3 req,200,OK,conf #3 users 1-136,text,true,,231,165,177,177,http://stload.se.ifmo.ru:8080/?token=492557779&user=2109717043&config=3,24429,0,0
1713168743231,24541,conf #3 req,200,OK,conf #3 users 1-108,text,true,,231,165,177,177,http://stload.se.ifmo.ru:8080/?token=492557779&user=2109717043&config=3,24541,0,0
1713168743402,24370,conf #3 req,200,OK,conf #3 users 1-151,text,true,,231,165,177,177,http://stload.se.ifmo.ru:8080/?token=492557779&user=2109717043&config=3,24370,0,1
1713168743071,24701,conf #3 req,200,OK,conf #3 users 1-68,text,true,,231,165,177,177,http://stload.se.ifmo.ru:8080/?token=492557779&user=2109717043&config=3,24701,0,0
1713168743003,24769,conf #3 req,200,OK,conf #3 users 1-51,text,true,,231,165,177,177,http://stload.se.ifmo.ru:8080/?token=492557779&user=2109717043&config=3,24769,0,43
1713168742999,24773,conf #3 req,200,OK,conf #3 users 1-33,text,true,,231,165,177,177,http://stload.se.ifmo.ru:8080/?token=492557779&user=2109717043&config=3,24773,0,46
1713168743095,24678,conf #3 req,200,OK,conf #3 users 1-74,text,true,,231,165,177,177,http://stload.se.ifmo.ru:8080/?token=492557779&user=2109717043&config=3,24678,0,1
1713168743199,24574,conf #3 req,200,OK,conf #3 users 1-100,text,true,,231,165,177,177,http://stload.se.ifmo.ru:8080/?token=492557779&user=2109717043&config=3,24574,0,1
1713168743627,24146,conf #3 req,200,OK,conf #3 users 1-207,text,true,,231,165,177,177,http://stload.se.ifmo.ru:8080/?token=492557779&user=2109717043&config=3,24146,0,0
1713168743463,24310,conf #3 req,200,OK,conf #3 users 1-166,text,true,,231,165,177,177,http://stload.se.ifmo.ru:8080/?token=492557779&user=2109717043&config=3,24310,0,0
1713168743618,24155,conf #3 req,200,OK,conf #3 users 1-205,text,true,,231,165,177,177,http://stload.se.ifmo.ru:8080/?token=492557779&user=2109717043&config=3,24155,0,1
1713168743119,24654,conf #3 req,200,OK,conf #3 users 1-80,text,true,,231,165,177,177,http://stload.se.ifmo.ru:8080/?token=492557779&user=2109717043&config=3,24654,0,1
1713168743612,24161,conf #3 req,200,OK,conf #3 users 1-203,text,true,,231,165,177,177,http://stload.se.ifmo.ru:8080/?token=492557779&user=2109717043&config=3,24161,0,1
1713168743267,24506,conf #3 req,200,OK,conf #3 users 1-117,text,true,,231,165,177,177,http://stload.se.ifmo.ru:8080/?token=492557779&user=2109717043&config=3,24506,0,0
1713168743151,24625,conf #3 req,200,OK,conf #3 users 1-88,text,true,,231,165,177,177,http://stload.se.ifmo.ru:8080/?token=492557779&user=2109717043&config=3,24625,0,0
1713168743063,24715,conf #3 req,200,OK,conf #3 users 1-66,text,true,,231,165,177,177,http://stload.se.ifmo.ru:8080/?token=492557779&user=2109717043&config=3,24715,0,1
1713168743574,24204,conf #3 req,500,Internal Server Error,conf #3 users 1-193,text,false,,233,165,177,177,http://stload.se.ifmo.ru:8080/?token=492557779&user=2109717043&config=3,24204,0,1
1713168743518,24251,conf #3 req,500,Internal Server Error,conf #3 users 1-180,text,false,,233,165,177,177,http://stload.se.ifmo.ru:8080/?token=492557779&user=2109717043&config=3,24251,0,1
1713168743287,24489,conf #3 req,200,OK,conf #3 users 1-122,text,true,,231,165,177,177,http://stload.se.ifmo.ru:8080/?token=492557779&user=2109717043&config=3,24489,0,0
1713168743051,24727,conf #3 req,200,OK,conf #3 users 1-63,text,true,,231,165,177,177,http://stload.se.ifmo.ru:8080/?token=492557779&user=2109717043&config=3,24727,0,1
1713168743511,24267,conf #3 req,200,OK,conf #3 users 1-178,text,true,,231,165,177,177,http://stload.se.ifmo.ru:8080/?token=492557779&user=2109717043&config=3,24267,0,0
1713168743128,24650,conf #3 req,200,OK,conf #3 users 1-82,text,true,,231,165,177,177,http://stload.se.ifmo.ru:8080/?token=492557779&user=2109717043&config=3,24650,0,1
1713168743631,24148,conf #3 req,200,OK,conf #3 users 1-208,text,true,,231,165,176,176,http://stload.se.ifmo.ru:8080/?token=492557779&user=2109717043&config=3,24148,0,0
1713168743140,24639,conf #3 req,200,OK,conf #3 users 1-85,text,true,,231,165,176,176,http://stload.se.ifmo.ru:8080/?token=492557779&user=2109717043&config=3,24639,0,1
1713168743159,24612,conf #3 req,200,OK,conf #3 users 1-90,text,true,,231,165,177,177,http://stload.se.ifmo.ru:8080/?token=492557779&user=2109717043&config=3,24612,0,0
1713168743526,24253,conf #3 req,500,Internal Server Error,conf #3 users 1-182,text,false,,233,165,176,176,http://stload.se.ifmo.ru:8080/?token=492557779&user=2109717043&config=3,24253,0,1
1713168743067,24712,conf #3 req,200,OK,conf #3 users 1-67,text,true,,231,165,176,176,http://stload.se.ifmo.ru:8080/?token=492557779&user=2109717043&config=3,24709,0,1
1713168743250,24526,conf #3 req,200,OK,conf #3 users 1-113,text,true,,231,165,175,175,http://stload.se.ifmo.ru:8080/?token=492557779&user=2109717043&config=3,24526,0,1
1713168743507,24272,conf #3 req,200,OK,conf #3 users 1-177,text,true,,231,165,175,175,http://stload.se.ifmo.ru:8080/?token=492557779&user=2109717043&config=3,24272,0,0
1713168743579,24200,conf #3 req,500,Internal Server Error,conf #3 users 1-194,text,false,,233,165,175,175,http://stload.se.ifmo.ru:8080/?token=492557779&user=2109717043&config=3,24200,0,0
1713168743495,24285,conf #3 req,200,OK,conf #3 users 1-174,text,true,,231,165,175,175,http://stload.se.ifmo.ru:8080/?token=492557779&user=2109717043&config=3,24284,0,10
1713168743555,24223,conf #3 req,500,Internal Server Error,conf #3 users 1-189,text,false,,233,165,174,174,http://stload.se.ifmo.ru:8080/?token=492557779&user=2109717043&config=3,24223,0,0
1713168743123,24645,conf #3 req,200,OK,conf #3 users 1-81,text,true,,231,165,173,173,http://stload.se.ifmo.ru:8080/?token=492557779&user=2109717043&config=3,24645,0,0
1713168743531,24247,conf #3 req,500,Internal Server Error,conf #3 users 1-183,text,false,,233,165,173,173,http://stload.se.ifmo.ru:8080/?token=492557779&user=2109717043&config=3,24247,0,0
1713168743550,24228,conf #3 req,500,Internal Server Error,conf #3 users 1-188,text,false,,233,165,173,173,http://stload.se.ifmo.ru:8080/?token=492557779&user=2109717043&config=3,24228,0,1
1713168743543,24234,conf #3 req,500,Internal Server Error,conf #3 users 1-186,text,false,,233,165,173,173,http://stload.se.ifmo.ru:8080/?token=492557779&user=2109717043&config=3,24234,0,0
1713168743579,24199,conf #3 req,500,Internal Server Error,conf #3 users 1-195,text,false,,233,165,173,173,http://stload.se.ifmo.ru:8080/?token=492557779&user=2109717043&config=3,24199,0,1
1713168743331,24449,conf #3 req,200,OK,conf #3 users 1-133,text,true,,231,165,173,173,http://stload.se.ifmo.ru:8080/?token=492557779&user=2109717043&config=3,24449,0,0
1713168743535,24242,conf #3 req,500,Internal Server Error,conf #3 users 1-184,text,false,,233,165,173,173,http://stload.se.ifmo.ru:8080/?token=492557779&user=2109717043&config=3,24242,0,0
1713168743467,24313,conf #3 req,200,OK,conf #3 users 1-167,text,true,,231,165,172,172,http://stload.se.ifmo.ru:8080/?token=492557779&user=2109717043&config=3,24313,0,1
1713168743538,24239,conf #3 req,500,Internal Server Error,conf #3 users 1-185,text,false,,233,165,172,172,http://stload.se.ifmo.ru:8080/?token=492557779&user=2109717043&config=3,24238,0,1
1713168743238,24530,conf #3 req,200,OK,conf #3 users 1-110,text,true,,231,165,177,177,http://stload.se.ifmo.ru:8080/?token=492557779&user=2109717043&config=3,24530,0,1
1713168743587,24193,conf #3 req,200,OK,conf #3 users 1-197,text,true,,231,165,172,172,http://stload.se.ifmo.ru:8080/?token=492557779&user=2109717043&config=3,24193,0,0
1713168743607,24173,conf #3 req,200,OK,conf #3 users 1-202,text,true,,231,165,172,172,http://stload.se.ifmo.ru:8080/?token=492557779&user=2109717043&config=3,24173,0,2
1713168743483,24295,conf #3 req,200,OK,conf #3 users 1-171,text,true,,231,165,177,177,http://stload.se.ifmo.ru:8080/?token=492557779&user=2109717043&config=3,24295,0,0
1713168743455,24325,conf #3 req,200,OK,conf #3 users 1-164,text,true,,231,165,171,171,http://stload.se.ifmo.ru:8080/?token=492557779&user=2109717043&config=3,24325,0,0
1713168742999,24780,conf #3 req,200,OK,conf #3 users 1-11,text,true,,231,165,177,177,http://stload.se.ifmo.ru:8080/?token=492557779&user=2109717043&config=3,24780,0,46
1713168743423,24355,conf #3 req,200,OK,conf #3 users 1-156,text,true,,231,165,177,177,http://stload.se.ifmo.ru:8080/?token=492557779&user=2109717043&config=3,24355,0,0
1713168743567,24209,conf #3 req,500,Internal Server Error,conf #3 users 1-192,text,false,,233,165,171,171,http://stload.se.ifmo.ru:8080/?token=492557779&user=2109717043&config=3,24209,0,0
1713168743515,24261,conf #3 req,500,Internal Server Error,conf #3 users 1-179,text,false,,233,165,171,171,http://stload.se.ifmo.ru:8080/?token=492557779&user=2109717043&config=3,24261,0,1
1713168743029,24749,conf #3 req,200,OK,conf #3 users 1-57,text,true,,231,165,177,177,http://stload.se.ifmo.ru:8080/?token=492557779&user=2109717043&config=3,24749,0,15
1713168743130,24641,conf #3 req,200,OK,conf #3 users 1-83,text,true,,231,165,177,177,http://stload.se.ifmo.ru:8080/?token=492557779&user=2109717043&config=3,24641,0,1
1713168743595,24186,conf #3 req,200,OK,conf #3 users 1-199,text,true,,231,165,170,170,http://stload.se.ifmo.ru:8080/?token=492557779&user=2109717043&config=3,24186,0,1
1713168743547,24229,conf #3 req,500,Internal Server Error,conf #3 users 1-187,text,false,,233,165,170,170,http://stload.se.ifmo.ru:8080/?token=492557779&user=2109717043&config=3,24229,0,0
1713168743558,24218,conf #3 req,500,Internal Server Error,conf #3 users 1-190,text,false,,233,165,169,169,http://stload.se.ifmo.ru:8080/?token=492557779&user=2109717043&config=3,24218,0,1
1713168743243,24535,conf #3 req,200,OK,conf #3 users 1-111,text,true,,231,165,177,177,http://stload.se.ifmo.ru:8080/?token=492557779&user=2109717043&config=3,24533,0,0
1713168743523,24252,conf #3 req,500,Internal Server Error,conf #3 users 1-181,text,false,,233,165,169,169,http://stload.se.ifmo.ru:8080/?token=492557779&user=2109717043&config=3,24246,0,0
1713168743407,24371,conf #3 req,200,OK,conf #3 users 1-152,text,true,,231,165,177,177,http://stload.se.ifmo.ru:8080/?token=492557779&user=2109717043&config=3,24371,0,0
1713168743000,24782,conf #3 req,200,OK,conf #3 users 1-15,text,true,,231,165,169,169,http://stload.se.ifmo.ru:8080/?token=492557779&user=2109717043&config=3,24782,0,47
1713168743582,24193,conf #3 req,500,Internal Server Error,conf #3 users 1-196,text,false,,233,165,169,169,http://stload.se.ifmo.ru:8080/?token=492557779&user=2109717043&config=3,24193,0,1
1713168743107,24669,conf #3 req,200,OK,conf #3 users 1-77,text,true,,231,165,177,177,http://stload.se.ifmo.ru:8080/?token=492557779&user=2109717043&config=3,24669,0,1
1713168743367,24409,conf #3 req,200,OK,conf #3 users 1-142,text,true,,231,165,177,177,http://stload.se.ifmo.ru:8080/?token=492557779&user=2109717043&config=3,24409,0,0
1713168743478,24300,conf #3 req,200,OK,conf #3 users 1-170,text,true,,231,165,177,177,http://stload.se.ifmo.ru:8080/?token=492557779&user=2109717043&config=3,24300,0,1
1713168743419,24359,conf #3 req,200,OK,conf #3 users 1-155,text,true,,231,165,177,177,http://stload.se.ifmo.ru:8080/?token=492557779&user=2109717043&config=3,24359,0,0
1713168743391,24380,conf #3 req,200,OK,conf #3 users 1-148,text,true,,231,165,177,177,http://stload.se.ifmo.ru:8080/?token=492557779&user=2109717043&config=3,24380,0,1
1713168743163,24615,conf #3 req,200,OK,conf #3 users 1-91,text,true,,231,165,177,177,http://stload.se.ifmo.ru:8080/?token=492557779&user=2109717043&config=3,24615,0,1
1713168743100,24678,conf #3 req,200,OK,conf #3 users 1-75,text,true,,231,165,177,177,http://stload.se.ifmo.ru:8080/?token=492557779&user=2109717043&config=3,24677,0,0
1713168743202,24576,conf #3 req,200,OK,conf #3 users 1-101,text,true,,231,165,177,177,http://stload.se.ifmo.ru:8080/?token=492557779&user=2109717043&config=3,24575,0,1
1713168743614,24162,conf #3 req,200,OK,conf #3 users 1-204,text,true,,231,165,177,177,http://stload.se.ifmo.ru:8080/?token=492557779&user=2109717043&config=3,24162,0,1
1713168742999,24779,conf #3 req,200,OK,conf #3 users 1-18,text,true,,231,165,177,177,http://stload.se.ifmo.ru:8080/?token=492557779&user=2109717043&config=3,24779,0,46
1713168743171,24606,conf #3 req,200,OK,conf #3 users 1-93,text,true,,231,165,177,177,http://stload.se.ifmo.ru:8080/?token=492557779&user=2109717043&config=3,24606,0,0
1713168743623,24154,conf #3 req,200,OK,conf #3 users 1-206,text,true,,231,165,177,177,http://stload.se.ifmo.ru:8080/?token=492557779&user=2109717043&config=3,24154,0,1
1713168743426,24351,conf #3 req,200,OK,conf #3 users 1-157,text,true,,231,165,177,177,http://stload.se.ifmo.ru:8080/?token=492557779&user=2109717043&config=3,24351,0,1
1713168743414,24363,conf #3 req,200,OK,conf #3 users 1-154,text,true,,231,165,177,177,http://stload.se.ifmo.ru:8080/?token=492557779&user=2109717043&config=3,24363,0,1
1713168743075,24702,conf #3 req,200,OK,conf #3 users 1-69,text,true,,231,165,177,177,http://stload.se.ifmo.ru:8080/?token=492557779&user=2109717043&config=3,24702,0,1
1713168743439,24338,conf #3 req,200,OK,conf #3 users 1-160,text,true,,231,165,177,177,http://stload.se.ifmo.ru:8080/?token=492557779&user=2109717043&config=3,24338,0,0
1713168743278,24499,conf #3 req,200,OK,conf #3 users 1-120,text,true,,231,165,177,177,http://stload.se.ifmo.ru:8080/?token=492557779&user=2109717043&config=3,24499,0,1
1713168743339,24438,conf #3 req,200,OK,conf #3 users 1-135,text,true,,231,165,177,177,http://stload.se.ifmo.ru:8080/?token=492557779&user=2109717043&config=3,24438,0,0
1713168743471,24306,conf #3 req,200,OK,conf #3 users 1-168,text,true,,231,165,177,177,http://stload.se.ifmo.ru:8080/?token=492557779&user=2109717043&config=3,24306,0,0
1713168742999,24778,conf #3 req,200,OK,conf #3 users 1-48,text,true,,231,165,177,177,http://stload.se.ifmo.ru:8080/?token=492557779&user=2109717043&config=3,24778,0,45
1713168743487,24290,conf #3 req,200,OK,conf #3 users 1-172,text,true,,231,165,177,177,http://stload.se.ifmo.ru:8080/?token=492557779&user=2109717043&config=3,24290,0,0
1713168743351,24426,conf #3 req,200,OK,conf #3 users 1-138,text,true,,231,165,177,177,http://stload.se.ifmo.ru:8080/?token=492557779&user=2109717043&config=3,24426,0,0
1713168743363,24414,conf #3 req,200,OK,conf #3 users 1-141,text,true,,231,165,177,177,http://stload.se.ifmo.ru:8080/?token=492557779&user=2109717043&config=3,24414,0,0
1713168743379,24398,conf #3 req,200,OK,conf #3 users 1-145,text,true,,231,165,177,177,http://stload.se.ifmo.ru:8080/?token=492557779&user=2109717043&config=3,24398,0,1
1713168743431,24346,conf #3 req,200,OK,conf #3 users 1-158,text,true,,231,165,177,177,http://stload.se.ifmo.ru:8080/?token=492557779&user=2109717043&config=3,24346,0,0
1713168743399,24378,conf #3 req,200,OK,conf #3 users 1-150,text,true,,231,165,177,177,http://stload.se.ifmo.ru:8080/?token=492557779&user=2109717043&config=3,24377,0,0
1713168743000,24778,conf #3 req,200,OK,conf #3 users 1-3,text,true,,231,165,177,177,http://stload.se.ifmo.ru:8080/?token=492557779&user=2109717043&config=3,24777,0,45
1713168743411,24366,conf #3 req,200,OK,conf #3 users 1-153,text,true,,231,165,177,177,http://stload.se.ifmo.ru:8080/?token=492557779&user=2109717043&config=3,24365,0,0
1713168743235,24536,conf #3 req,200,OK,conf #3 users 1-109,text,true,,231,165,177,177,http://stload.se.ifmo.ru:8080/?token=492557779&user=2109717043&config=3,24536,0,1
1713168743599,24177,conf #3 req,200,OK,conf #3 users 1-200,text,true,,231,165,177,177,http://stload.se.ifmo.ru:8080/?token=492557779&user=2109717043&config=3,24177,0,1
1713168743039,24737,conf #3 req,200,OK,conf #3 users 1-60,text,true,,231,165,177,177,http://stload.se.ifmo.ru:8080/?token=492557779&user=2109717043&config=3,24737,0,5
1713168743326,24450,conf #3 req,200,OK,conf #3 users 1-131,text,true,,231,165,177,177,http://stload.se.ifmo.ru:8080/?token=492557779&user=2109717043&config=3,24450,0,0
1713168743176,24600,conf #3 req,200,OK,conf #3 users 1-94,text,true,,231,165,177,177,http://stload.se.ifmo.ru:8080/?token=492557779&user=2109717043&config=3,24600,0,1
1713168743291,24485,conf #3 req,200,OK,conf #3 users 1-123,text,true,,231,165,177,177,http://stload.se.ifmo.ru:8080/?token=492557779&user=2109717043&config=3,24485,0,0
1713168743315,24461,conf #3 req,200,OK,conf #3 users 1-129,text,true,,231,165,177,177,http://stload.se.ifmo.ru:8080/?token=492557779&user=2109717043&config=3,24461,0,1
1713168743327,24449,conf #3 req,200,OK,conf #3 users 1-132,text,true,,231,165,177,177,http://stload.se.ifmo.ru:8080/?token=492557779&user=2109717043&config=3,24449,0,1
1713168743227,24549,conf #3 req,200,OK,conf #3 users 1-107,text,true,,231,165,177,177,http://stload.se.ifmo.ru:8080/?token=492557779&user=2109717043&config=3,24549,0,0
1713168743458,24318,conf #3 req,200,OK,conf #3 users 1-165,text,true,,231,165,177,177,http://stload.se.ifmo.ru:8080/?token=492557779&user=2109717043&config=3,24318,0,1
1713168743056,24720,conf #3 req,200,OK,conf #3 users 1-64,text,true,,231,165,177,177,http://stload.se.ifmo.ru:8080/?token=492557779&user=2109717043&config=3,24720,0,1
1713168743475,24301,conf #3 req,200,OK,conf #3 users 1-169,text,true,,231,165,177,177,http://stload.se.ifmo.ru:8080/?token=492557779&user=2109717043&config=3,24301,0,0
1713168743375,24401,conf #3 req,200,OK,conf #3 users 1-144,text,true,,231,165,177,177,http://stload.se.ifmo.ru:8080/?token=492557779&user=2109717043&config=3,24401,0,0
1713168743059,24717,conf #3 req,200,OK,conf #3 users 1-65,text,true,,231,165,177,177,http://stload.se.ifmo.ru:8080/?token=492557779&user=2109717043&config=3,24717,0,1
1713168743000,24777,conf #3 req,200,OK,conf #3 users 1-28,text,true,,231,165,177,177,http://stload.se.ifmo.ru:8080/?token=492557779&user=2109717043&config=3,24777,0,45
1713168743183,24593,conf #3 req,200,OK,conf #3 users 1-96,text,true,,231,165,177,177,http://stload.se.ifmo.ru:8080/?token=492557779&user=2109717043&config=3,24593,0,0
1713168743271,24505,conf #3 req,200,OK,conf #3 users 1-118,text,true,,231,165,177,177,http://stload.se.ifmo.ru:8080/?token=492557779&user=2109717043&config=3,24505,0,0
1713168743112,24664,conf #3 req,200,OK,conf #3 users 1-78,text,true,,231,165,177,177,http://stload.se.ifmo.ru:8080/?token=492557779&user=2109717043&config=3,24663,0,0
1713168743179,24597,conf #3 req,200,OK,conf #3 users 1-95,text,true,,231,165,177,177,http://stload.se.ifmo.ru:8080/?token=492557779&user=2109717043&config=3,24597,0,0
1713168743446,24329,conf #3 req,200,OK,conf #3 users 1-162,text,true,,231,165,177,177,http://stload.se.ifmo.ru:8080/?token=492557779&user=2109717043&config=3,24329,0,1
1713168743255,24520,conf #3 req,200,OK,conf #3 users 1-114,text,true,,231,165,177,177,http://stload.se.ifmo.ru:8080/?token=492557779&user=2109717043&config=3,24520,0,1
1713168743491,24284,conf #3 req,200,OK,conf #3 users 1-173,text,true,,231,165,177,177,http://stload.se.ifmo.ru:8080/?token=492557779&user=2109717043&config=3,24284,0,0
1713168743219,24556,conf #3 req,200,OK,conf #3 users 1-105,text,true,,231,165,177,177,http://stload.se.ifmo.ru:8080/?token=492557779&user=2109717043&config=3,24556,0,0
1713168743211,24564,conf #3 req,200,OK,conf #3 users 1-103,text,true,,231,165,177,177,http://stload.se.ifmo.ru:8080/?token=492557779&user=2109717043&config=3,24564,0,0
1713168743207,24568,conf #3 req,200,OK,conf #3 users 1-102,text,true,,231,165,177,177,http://stload.se.ifmo.ru:8080/?token=492557779&user=2109717043&config=3,24568,0,0
1713168743506,24269,conf #3 req,200,OK,conf #3 users 1-176,text,true,,231,165,177,177,http://stload.se.ifmo.ru:8080/?token=492557779&user=2109717043&config=3,24269,0,1
1713168743303,24472,conf #3 req,200,OK,conf #3 users 1-126,text,true,,231,165,177,177,http://stload.se.ifmo.ru:8080/?token=492557779&user=2109717043&config=3,24472,0,0
1713168743143,24632,conf #3 req,200,OK,conf #3 users 1-86,text,true,,231,165,177,177,http://stload.se.ifmo.ru:8080/?token=492557779&user=2109717043&config=3,24632,0,1
1713168743258,24517,conf #3 req,200,OK,conf #3 users 1-115,text,true,,231,165,177,177,http://stload.se.ifmo.ru:8080/?token=492557779&user=2109717043&config=3,24517,0,1
1713168742998,24777,conf #3 req,200,OK,conf #3 users 1-32,text,true,,231,165,177,177,http://stload.se.ifmo.ru:8080/?token=492557779&user=2109717043&config=3,24777,0,46
1713168743451,24320,conf #3 req,200,OK,conf #3 users 1-163,text,true,,231,165,177,177,http://stload.se.ifmo.ru:8080/?token=492557779&user=2109717043&config=3,24320,0,0
1713168743103,24672,conf #3 req,200,OK,conf #3 users 1-76,text,true,,231,165,177,177,http://stload.se.ifmo.ru:8080/?token=492557779&user=2109717043&config=3,24672,0,0
1713168743078,24697,conf #3 req,200,OK,conf #3 users 1-70,text,true,,231,165,177,177,http://stload.se.ifmo.ru:8080/?token=492557779&user=2109717043&config=3,24697,0,1
1713168743387,24388,conf #3 req,200,OK,conf #3 users 1-147,text,true,,231,165,177,177,http://stload.se.ifmo.ru:8080/?token=492557779&user=2109717043&config=3,24388,0,0
1713168743214,24561,conf #3 req,200,OK,conf #3 users 1-104,text,true,,231,165,177,177,http://stload.se.ifmo.ru:8080/?token=492557779&user=2109717043&config=3,24561,0,1
1713168743295,24480,conf #3 req,200,OK,conf #3 users 1-124,text,true,,231,165,177,177,http://stload.se.ifmo.ru:8080/?token=492557779&user=2109717043&config=3,24480,0,0
1713168743394,24380,conf #3 req,200,OK,conf #3 users 1-149,text,true,,231,165,177,177,http://stload.se.ifmo.ru:8080/?token=492557779&user=2109717043&config=3,24380,0,1
1713168743115,24656,conf #3 req,200,OK,conf #3 users 1-79,text,true,,231,165,177,177,http://stload.se.ifmo.ru:8080/?token=492557779&user=2109717043&config=3,24656,0,1
1713168743166,24608,conf #3 req,200,OK,conf #3 users 1-92,text,true,,231,165,177,177,http://stload.se.ifmo.ru:8080/?token=492557779&user=2109717043&config=3,24608,0,1
1713168743000,24775,conf #3 req,200,OK,conf #3 users 1-13,text,true,,231,165,177,177,http://stload.se.ifmo.ru:8080/?token=492557779&user=2109717043&config=3,24775,0,45
1713168743312,24462,conf #3 req,200,OK,conf #3 users 1-128,text,true,,231,165,177,177,http://stload.se.ifmo.ru:8080/?token=492557779&user=2109717043&config=3,24462,0,1
1713168743155,24619,conf #3 req,200,OK,conf #3 users 1-89,text,true,,231,165,177,177,http://stload.se.ifmo.ru:8080/?token=492557779&user=2109717043&config=3,24618,0,1
1713168743382,24392,conf #3 req,200,OK,conf #3 users 1-146,text,true,,231,165,177,177,http://stload.se.ifmo.ru:8080/?token=492557779&user=2109717043&config=3,24391,0,1
1713168743602,24171,conf #3 req,200,OK,conf #3 users 1-201,text,true,,231,165,177,177,http://stload.se.ifmo.ru:8080/?token=492557779&user=2109717043&config=3,24171,0,1
1713168743087,24686,conf #3 req,200,OK,conf #3 users 1-72,text,true,,231,165,177,177,http://stload.se.ifmo.ru:8080/?token=492557779&user=2109717043&config=3,24686,0,1
1713168742999,24771,conf #3 req,200,OK,conf #3 users 1-10,text,true,,231,165,177,177,http://stload.se.ifmo.ru:8080/?token=492557779&user=2109717043&config=3,24771,0,47
1713168743000,24770,conf #3 req,200,OK,conf #3 users 1-1,text,true,,231,165,177,177,http://stload.se.ifmo.ru:8080/?token=492557779&user=2109717043&config=3,24770,0,46
1713168742999,24770,conf #3 req,200,OK,conf #3 users 1-9,text,true,,231,165,177,177,http://stload.se.ifmo.ru:8080/?token=492557779&user=2109717043&config=3,24770,0,46
1713168743191,24577,conf #3 req,200,OK,conf #3 users 1-98,text,true,,231,165,177,177,http://stload.se.ifmo.ru:8080/?token=492557779&user=2109717043&config=3,24577,0,1
1713168743224,24544,conf #3 req,200,OK,conf #3 users 1-106,text,true,,231,165,177,177,http://stload.se.ifmo.ru:8080/?token=492557779&user=2109717043&config=3,24544,0,1
1713168743563,24208,conf #3 req,500,Internal Server Error,conf #3 users 1-191,text,false,,233,165,169,169,http://stload.se.ifmo.ru:8080/?token=492557779&user=2109717043&config=3,24208,0,0
